sym,setup,session,time,dir,entry,sl,tp,risk,outcome,gross_r,managed_r,fill_idx,exit_idx
US30,judas,ny_am,2023-07-14 16:30:00,SELL,34601.3,34630.76928571429,34542.36142857143,29.469285714287253,TP,2.0,0.0,3913,3921
US30,judas,ny_am,2023-09-28 15:45:00,SELL,33589.3,33673.59142857143,33420.717142857146,84.2914285714287,FLAT,-0.42886922920473,0.0,18540,18557
US30,judas,ny_am,2023-10-31 16:10:00,BUY,32870.45,32784.53785714285,33042.27428571429,85.91214285714523,FLAT,1.012662437539984,1.012662437539984,24802,24818
US30,judas,ny_am,2024-02-14 16:35:00,SELL,38381.0,38446.2,38250.600000000006,65.19999999999709,FLAT,1.0736196319018885,1.0736196319018885,44748,44756
US30,judas,ny_am,2024-03-08 15:35:00,BUY,38744.9,38609.72571428571,39015.24857142858,135.174285714289,FLAT,1.3797002811185224,1.44954730189593,49309,49327
US30,judas,ny_am,2024-05-16 16:25:00,BUY,39919.3,39889.75714285715,39978.385714285716,29.54285714285652,TP,2.0,1.9188134429400363,62349,62355
US30,judas,ny_am,2024-10-28 16:00:00,SELL,42457.45,42530.33642857143,42311.67714285714,72.88642857142986,SL,-1.0,-1.0,93913,93919
US30,judas,ny_am,2024-11-29 16:00:00,BUY,44884.3,44851.97142857143,44948.95714285715,32.32857142857392,SL,-1.0,-1.0,100332,100332
US30,judas,ny_am,2024-12-16 16:15:00,SELL,44032.3,44064.12142857143,43968.65714285715,31.821428571427532,SL,-1.0,0.0,103289,103290
US30,judas,ny_am,2025-05-15 16:20:00,SELL,41881.3,41981.891428571435,41680.11714285714,100.5914285714316,SL,-1.0,-1.0,131608,131614
US30,judas,ny_am,2025-12-01 16:35:00,BUY,47507.45,47434.470714285715,47653.40857142856,72.97928571428201,SL,-1.0,-1.0,170170,170172
US30,judas,ny_am,2025-12-02 16:25:00,SELL,47481.7,47505.275714285715,47434.54857142856,23.575714285718277,SL,-1.0,-1.0,170436,170436
US100,judas,ny_am,2023-08-15 16:05:00,BUY,15140.55,15094.061428571427,15233.527142857143,46.48857142857196,SL,-1.0,-1.0,3180,3184
US100,judas,ny_am,2023-09-22 16:30:00,SELL,14774.65,14808.139285714286,14707.671428571428,33.48928571428587,SL,-1.0,0.9055999999999969,10749,10758
US100,judas,ny_am,2024-01-10 16:30:00,BUY,16698.35,16665.90357142857,16763.242857142854,32.44642857142753,SL,-1.0,-1.0,31285,31287
US100,judas,ny_am,2024-03-18 15:55:00,SELL,18097.72,18141.283,18010.594000000005,43.56299999999828,SL,-1.0,-1.0,44235,44239
US100,judas,ny_am,2024-04-08 16:30:00,SELL,18161.85,18196.135714285712,18093.27857142857,34.285714285713766,SL,-1.0,-1.0,48049,48050
US100,judas,ny_am,2024-05-31 16:30:00,SELL,18583.75,18640.73285714286,18469.784285714282,56.98285714285885,TP,2.0,1.423600000000004,58586,58593
US100,judas,ny_am,2024-12-09 16:45:00,BUY,21611.2,21567.32,21698.960000000003,43.88000000000102,SL,-1.0,-1.0,95219,95226
US100,judas,ny_am,2025-09-12 16:35:00,SELL,24035.05,24066.722142857143,23971.705714285712,31.672142857143626,SL,-1.0,-1.0,148219,148226
US100,judas,ny_am,2025-10-30 15:50:00,BUY,25946.25,25824.375,26190.0,121.875,FLAT,-0.5292307692307693,-0.5292307692307693,157609,157629
US100,judas,ny_am,2025-11-17 16:35:00,BUY,25032.6,24897.04642857143,25303.707142857136,135.55357142856883,FLAT,-0.022131471479383904,-0.022131471479383904,160919,160929
US100,judas,ny_am,2026-05-12 15:35:00,BUY,29085.1,29020.931428571428,29213.43714285714,64.16857142857043,TP,2.0,0.0,194683,194686
US100,judas,ny_am,2026-05-14 16:35:00,BUY,29460.45,29359.866428571426,29661.61714285715,100.58357142857494,FLAT,1.3376936023348913,0.0,195240,195252
US100,judas,ny_am,2026-05-15 16:25:00,BUY,29132.7,29058.564285714285,29280.971428571433,74.13571428571595,SL,-1.0,0.0,195511,195514
US100,judas,ny_am,2026-06-01 16:35:00,BUY,30351.2,30259.07,30535.460000000003,92.13000000000102,FLAT,0.7641376316074789,0.7641376316074789,198505,198517
US100,judas,ny_am,2026-06-12 17:05:00,BUY,29452.15,29220.051,29916.348000000005,232.09900000000198,FLAT,0.8392970241146994,0.8392970241146994,200998,201001
XAUUSD,judas,ny_am,2023-09-18 16:10:00,BUY,1925.13,1923.3147142857142,1928.760571428572,1.815285714285892,SL,-1.0,0.9055999999999895,16599,16604
XAUUSD,judas,london,2024-04-17 09:50:00,BUY,2378.49,2372.2854285714284,2390.8991428571426,6.204571428571398,TP,2.0,1.80612479277953,57247,57262
XAUUSD,judas,ny_am,2024-05-21 15:45:00,SELL,2426.33,2430.3765714285714,2418.236857142857,4.046571428571497,SL,-1.0,0.9055999999999872,63889,63896
XAUUSD,judas,ny_am,2024-06-06 16:30:00,BUY,2360.37,2352.7515714285714,2375.606857142857,7.618428571428467,FLAT,0.5119165932232184,0.0,67143,67159
XAUUSD,judas,ny_am,2024-06-18 15:50:00,SELL,2319.81,2324.730285714286,2309.969428571428,4.92028571428591,SL,-1.0,0.0,69330,69338
XAUUSD,judas,ny_am,2024-10-07 16:10:00,BUY,2644.79,2637.128142857143,2660.113714285714,7.661857142857116,FLAT,-0.5116253053157684,-0.5116253053157684,90843,90859
XAUUSD,judas,ny_am,2024-10-15 15:50:00,SELL,2652.43,2657.9484285714284,2641.3931428571427,5.518428571428558,SL,-1.0,0.0,92471,92481
XAUUSD,judas,ny_am,2025-01-03 15:50:00,BUY,2648.34,2642.8945714285715,2659.2308571428575,5.4454285714286925,SL,-1.0,0.0,107673,107688
XAUUSD,judas,ny_am,2025-04-30 17:30:00,SELL,3305.43,3321.134285714286,3274.021428571428,15.704285714286016,FLAT,-0.2795415264259229,-0.2795415264259229,130061,130061
XAUUSD,judas,ny_am,2025-05-09 17:00:00,SELL,3330.99,3341.1898571428574,3310.5902857142846,10.199857142857581,FLAT,-0.6049104329192097,-0.6049104329192097,131972,131979
XAUUSD,judas,ny_am,2025-05-20 16:00:00,SELL,3242.66,3251.699285714286,3224.5814285714278,9.039285714286052,SL,-1.0,-1.0,133881,133885
XAUUSD,judas,london,2025-07-11 09:45:00,SELL,3339.15,3344.409142857143,3328.6317142857147,5.259142857142706,FLAT,1.1655891780301515,1.1655891780301515,144099,144113
XAUUSD,judas,london,2025-10-21 09:40:00,BUY,4328.79,4315.952428571428,4354.465142857144,12.837571428572119,SL,-1.0,-1.0,163791,163793
XAUUSD,judas,london,2025-12-30 10:25:00,SELL,4361.85,4384.652571428571,4316.2448571428595,22.802571428570445,FLAT,-0.450826347905633,-0.450826347905633,177100,177113
XAUUSD,judas,ny_am,2026-03-06 15:55:00,SELL,5102.24,5133.773142857142,5039.173714285715,31.533142857142593,SL,-1.0,-1.0,189978,189990
XAUUSD,judas,london,2026-05-14 10:55:00,SELL,4701.0,4720.108,4662.784,19.108000000000175,FLAT,0.4055892819761319,0.4055892819761319,203073,203081
BTCUSD,judas,london,2023-07-29 11:20:00,BUY,29302.64,29267.700571428573,29372.51885714285,34.939428571426106,SL,-1.0,-1.0,9667,9672
BTCUSD,judas,london,2023-08-06 09:10:00,SELL,29061.14,29097.15642857143,28989.107142857138,36.01642857143088,SL,-1.0,-1.0,11954,11963
BTCUSD,judas,london,2023-08-15 09:50:00,BUY,29351.74,29342.506714285715,29370.206571428575,9.233285714286467,SL,-1.0,-1.0,14550,14551
BTCUSD,judas,ny_am,2023-11-04 16:30:00,BUY,34734.54,34642.955714285716,34917.70857142857,91.58428571428522,SL,-1.0,-1.0,37928,37935
BTCUSD,judas,ny_am,2024-04-26 16:45:00,BUY,64046.94,63602.129857142856,64936.560285714295,444.8101428571463,FLAT,-0.5190978751448042,0.0,87950,87954
BTCUSD,judas,ny_am,2024-04-29 16:35:00,SELL,62374.54,62715.26671428571,61693.08657142858,340.726714285709,SL,-1.0,-1.0,88811,88812
BTCUSD,judas,london,2024-06-17 10:25:00,BUY,66135.94,65881.40042857143,66645.01914285714,254.53957142856962,FLAT,0.11000254240570026,0.11000254240570026,102846,102858
BTCUSD,judas,ny_am,2024-12-10 16:35:00,SELL,97828.84,98293.39757142856,96899.72485714286,464.557571428566,SL,-1.0,0.9056000000000004,153541,153542
BTCUSD,judas,london,2025-01-02 10:20:00,SELL,95836.34,96074.25128571429,95360.51742857142,237.91128571429,SL,-1.0,-1.0,160075,160077
BTCUSD,judas,ny_am,2025-01-27 17:15:00,SELL,101566.74,102370.12942857144,99959.96114285714,803.3894285714341,FLAT,0.6187534741201859,0.6187534741201859,167356,167362
BTCUSD,judas,ny_am,2025-01-28 16:25:00,BUY,102294.72,101726.74457142857,103430.67085714286,567.9754285714298,TP,2.0,0.0,167633,167645
BTCUSD,judas,ny_am,2025-03-02 16:00:00,BUY,85690.05,85472.85542857143,86124.43914285714,217.19457142856845,SL,-1.0,0.0,177132,177134
BTCUSD,judas,ny_am,2025-03-14 16:05:00,SELL,83433.32,83940.41914285715,82419.12171428572,507.0991428571433,SL,-1.0,0.0,180595,180599
BTCUSD,judas,ny_am,2025-06-02 16:35:00,BUY,104251.1,103827.149,105099.00200000001,423.95100000000093,SL,-1.0,-1.0,203609,203611
BTCUSD,judas,london,2025-06-11 10:00:00,BUY,109580.15,109337.629,110065.19199999998,242.52099999999336,FLAT,-0.07669438935181604,-0.07669438935181604,206122,206144
BTCUSD,judas,ny_am,2025-06-14 16:35:00,BUY,104906.8,104665.13957142858,105390.12085714286,241.66042857142747,FLAT,-0.13448623008791027,-0.13448623008791027,207066,207080
BTCUSD,judas,london,2025-07-01 10:50:00,BUY,107007.2,106586.53714285714,107848.52571428572,420.66285714285914,FLAT,-0.6897447565746406,-0.6897447565746406,211894,211904
BTCUSD,judas,ny_am,2025-07-17 15:45:00,BUY,117952.95,117415.69357142856,119027.46285714286,537.2564285714325,FLAT,1.5673707287953662,1.46795951015676,216559,216584
BTCUSD,judas,london,2025-07-22 11:00:00,SELL,117996.75,118637.23928571428,116715.77142857143,640.489285714284,FLAT,-0.47502746226378395,-0.47502746226378395,217947,217952
BTCUSD,judas,london,2025-07-25 10:15:00,BUY,115516.5,114971.61571428571,116606.26857142858,544.8842857142881,SL,-1.0,-1.0,218797,218803
BTCUSD,judas,london,2025-09-24 09:20:00,SELL,112682.7,112788.96857142857,112470.16285714284,106.26857142857625,TP,2.0,1.6108118137333647,236363,236365
BTCUSD,judas,london,2025-09-28 09:40:00,BUY,109340.3,109206.33214285714,109608.23571428574,133.9678571428667,FLAT,0.9644104396042922,0.9056000000000015,237509,237535
BTCUSD,judas,ny_am,2025-10-27 15:50:00,BUY,114937.84,114502.34585714286,115808.82828571426,435.49414285713283,SL,-1.0,-1.0,245893,245895
BTCUSD,judas,ny_am,2025-11-24 17:00:00,BUY,86050.54,85162.98614285715,87825.64771428569,887.5538571428478,FLAT,0.5932935739754788,0.5932935739754788,253971,253979
BTCUSD,judas,ny_am,2025-12-09 15:40:00,SELL,90451.96,90841.61828571428,89672.64342857145,389.65828571427846,SL,-1.0,0.9056000000000022,258274,258286
BTCUSD,judas,london,2025-12-16 09:40:00,SELL,86022.93,86607.80585714286,84853.17828571427,584.8758571428625,FLAT,-0.5003454945628459,-0.5003454945628459,260216,260241
BTCUSD,judas,ny_am,2026-01-30 17:25:00,SELL,83087.43,83850.94542857142,81560.39914285715,763.5154285714234,FLAT,0.3004785383698858,0.3004785383698858,273269,273273
BTCUSD,judas,ny_am,2026-02-10 16:35:00,SELL,69151.69,69614.25085714285,68226.56828571431,462.56085714284563,FLAT,-0.23346117236772973,-0.23346117236772973,276434,276440
BTCUSD,judas,ny_am,2026-05-08 16:10:00,SELL,79899.09,80499.55628571428,78698.15742857143,600.466285714283,FLAT,-0.3698958713989916,-0.3698958713989916,301474,301484
ETHUSD,judas,ny_am,2023-09-02 17:20:00,SELL,1636.21,1638.9012857142857,1630.8274285714288,2.691285714285641,FLAT,0.0037156961622134,0.0037156961622134,10067,10070
ETHUSD,judas,london,2023-09-06 09:20:00,BUY,1627.43,1625.3954285714285,1631.4991428571432,2.034571428571553,FLAT,0.8552169639095154,0.0,11122,11149
ETHUSD,judas,ny_am,2024-03-04 16:40:00,BUY,3518.5,3456.6369999999997,3642.2260000000006,61.863000000000284,FLAT,0.7089859851607573,0.7089859851607573,62966,62980
ETHUSD,judas,london,2024-05-19 10:25:00,BUY,3109.38,3100.8444285714286,3126.451142857143,8.53557142857153,FLAT,-0.3971614587692181,0.0,84741,84757
ETHUSD,judas,ny_am,2024-07-31 16:50:00,SELL,3337.64,3349.627142857143,3313.6657142857134,11.987142857143226,TP,2.0,1.716127922774372,105833,105838
ETHUSD,judas,ny_am,2024-08-07 16:30:00,BUY,2460.92,2442.612857142857,2497.534285714286,18.307142857142935,SL,-1.0,-1.0,107838,107839
ETHUSD,judas,ny_am,2024-08-23 17:00:00,BUY,2658.37,2644.205571428571,2686.6988571428574,14.164428571428743,SL,-1.0,-1.0,112459,112459
ETHUSD,judas,ny_am,2025-01-06 16:30:00,BUY,3631.73,3618.657142857143,3657.8757142857144,13.072857142857174,TP,2.0,0.9055999999999982,151549,151551
ETHUSD,judas,ny_am,2025-03-25 15:40:00,SELL,2068.03,2079.717714285714,2044.6545714285726,11.68771428571381,FLAT,0.15914146723056471,0.15914146723056471,174011,174028
ETHUSD,judas,ny_am,2025-04-21 17:20:00,BUY,1621.08,1606.0575714285712,1651.1248571428573,15.02242857142869,FLAT,0.8081249940565063,0.8081249940565063,181779,181780
ETHUSD,judas,ny_am,2025-04-25 17:10:00,BUY,1775.87,1754.1655714285716,1819.2788571428564,21.704428571428252,FLAT,1.4430234777629607,1.3809164344340727,182925,182932
ETHUSD,judas,london,2025-05-27 09:50:00,SELL,2585.6,2611.5994285714287,2533.6011428571423,25.99942857142878,SL,-1.0,-1.0,192058,192063
ETHUSD,judas,ny_am,2025-10-15 17:05:00,BUY,4062.19,4010.9238571428573,4164.722285714286,51.26614285714277,SL,-1.0,-1.0,232706,232710
ETHUSD,judas,ny_am,2025-10-28 16:40:00,SELL,4133.78,4177.006857142857,4047.3262857142845,43.226857142857625,FLAT,0.8955080835988012,0.8955080835988012,236446,236455
ETHUSD,judas,ny_am,2025-11-18 17:00:00,SELL,3061.21,3095.188857142857,2993.252285714286,33.97885714285712,SL,-1.0,-1.0,242493,242495
ETHUSD,judas,ny_am,2026-02-02 16:10:00,SELL,2316.31,2336.3261428571427,2276.2777142857144,20.016142857142768,SL,-1.0,0.0,264369,264371
ETHUSD,judas,ny_am,2026-04-27 17:35:00,BUY,2314.52,2301.2737142857145,2341.012571428571,13.246285714285477,FLAT,-0.05888443121523552,0.0,288567,288568
ETHUSD,judas,ny_am,2026-05-08 16:10:00,SELL,2281.52,2301.5144285714287,2241.5311428571426,19.99442857142867,FLAT,-0.16004458384834785,-0.16004458384834785,291726,291736
XTIUSD,judas,ny_am,2023-08-11 16:05:00,SELL,82.82,83.04557142857144,82.36885714285711,0.22557142857144186,SL,-1.0,0.0,2677,2680
XTIUSD,judas,ny_am,2023-09-25 16:00:00,BUY,89.39,89.11628571428572,89.93742857142855,0.27371428571427714,SL,-1.0,0.0,11184,11187
XTIUSD,judas,ny_am,2023-09-28 16:00:00,BUY,92.03,91.77714285714285,92.5357142857143,0.25285714285715244,SL,-1.0,0.90559999999999,12004,12009
XTIUSD,judas,ny_am,2024-07-18 16:15:00,BUY,81.14,80.92271428571429,81.57457142857142,0.2172857142857083,SL,-1.0,-1.0,68750,68750
XTIUSD,judas,ny_am,2024-12-12 15:45:00,BUY,69.81,69.66271428571429,70.10457142857143,0.14728571428571513,SL,-1.0,0.0,97516,97518
XTIUSD,judas,ny_am,2024-12-20 15:50:00,SELL,68.83,69.122,68.246,0.2920000000000016,FLAT,-0.6506849315068379,0.0,99173,99196
XTIUSD,judas,ny_am,2025-04-16 16:00:00,SELL,61.59,61.699714285714286,61.37057142857144,0.10971428571428277,SL,-1.0,-1.0,121411,121411
XTIUSD,judas,ny_am,2025-06-04 16:05:00,BUY,62.68,62.28071428571429,63.47857142857142,0.39928571428571047,FLAT,-0.1252236135957007,0.9056000000000015,130760,130776
XTIUSD,judas,ny_am,2025-12-23 16:25:00,SELL,57.94,58.18614285714286,57.44771428571427,0.2461428571428641,FLAT,0.8937899013348511,0.8937899013348511,170121,170138
XTIUSD,judas,ny_am,2025-12-31 16:05:00,SELL,58.22,58.43928571428572,57.78142857142856,0.21928571428571786,TP,2.0,0.0,171458,171470
