period,window,path,cost_mult,quarter,orders,filled,total_net_r,mean_net_r
early,baseline,OHLC,1.0,2023Q2,2,0,0.0,
early,baseline,OHLC,1.0,2023Q3,41,16,-4.9692606848630625,-0.3105787928039414
early,baseline,OHLC,1.0,2023Q4,36,19,-3.687535733662143,-0.1940808280874812
early,baseline,OHLC,1.0,2024Q1,27,12,5.298008529082808,0.44150071075690067
early,baseline,OHLC,1.0,2024Q2,34,16,2.2221028164278414,0.13888142602674008
early,baseline,OHLC,1.0,2024Q3,59,30,4.1128780229109285,0.13709593409703094
early,baseline,OHLC,1.0,2024Q4,42,16,0.05174205581339614,0.0032338784883372586
early,baseline,OHLC,1.5,2023Q2,2,0,0.0,
early,baseline,OHLC,1.5,2023Q3,41,15,-7.349601976356338,-0.4899734650904225
early,baseline,OHLC,1.5,2023Q4,36,18,-4.395205671101488,-0.24417809283897154
early,baseline,OHLC,1.5,2024Q1,27,12,4.976165319518313,0.41468044329319276
early,baseline,OHLC,1.5,2024Q2,34,16,1.6944481712322192,0.1059030107020137
early,baseline,OHLC,1.5,2024Q3,59,30,3.4966772043845054,0.11655590681281684
early,baseline,OHLC,1.5,2024Q4,42,16,-0.33336206787428946,-0.02083512924214309
early,baseline,OLHC,1.0,2023Q2,2,0,0.0,
early,baseline,OLHC,1.0,2023Q3,41,16,-4.9692606848630625,-0.3105787928039414
early,baseline,OLHC,1.0,2023Q4,36,19,-3.687535733662143,-0.1940808280874812
early,baseline,OLHC,1.0,2024Q1,27,12,5.298008529082808,0.44150071075690067
early,baseline,OLHC,1.0,2024Q2,34,16,2.2221028164278414,0.13888142602674008
early,baseline,OLHC,1.0,2024Q3,59,30,4.1128780229109285,0.13709593409703094
early,baseline,OLHC,1.0,2024Q4,42,16,0.05174205581339614,0.0032338784883372586
early,baseline,OLHC,1.5,2023Q2,2,0,0.0,
early,baseline,OLHC,1.5,2023Q3,41,15,-7.349601976356338,-0.4899734650904225
early,baseline,OLHC,1.5,2023Q4,36,18,-4.395205671101488,-0.24417809283897154
early,baseline,OLHC,1.5,2024Q1,27,12,4.976165319518313,0.41468044329319276
early,baseline,OLHC,1.5,2024Q2,34,16,1.6944481712322192,0.1059030107020137
early,baseline,OLHC,1.5,2024Q3,59,30,3.4966772043845054,0.11655590681281684
early,baseline,OLHC,1.5,2024Q4,42,16,-0.33336206787428946,-0.02083512924214309
early,open_window,OHLC,1.0,2023Q2,2,0,0.0,
early,open_window,OHLC,1.0,2023Q3,52,19,-2.1720212311762768,-0.11431690690401457
early,open_window,OHLC,1.0,2023Q4,48,26,-0.29255992448699514,-0.011252304787961352
early,open_window,OHLC,1.0,2024Q1,38,18,1.6973159820389498,0.09429533233549721
early,open_window,OHLC,1.0,2024Q2,49,26,3.289711540343272,0.1265273669362797
early,open_window,OHLC,1.0,2024Q3,67,34,-0.18301043843232345,-0.005382659953891866
early,open_window,OHLC,1.0,2024Q4,55,25,0.9063074420087409,0.036252297680349634
early,open_window,OHLC,1.5,2023Q2,2,0,0.0,
early,open_window,OHLC,1.5,2023Q3,52,18,-4.653742795826159,-0.2585412664347866
early,open_window,OHLC,1.5,2023Q4,48,25,-1.1483895016688082,-0.04593558006675233
early,open_window,OHLC,1.5,2024Q1,38,18,1.0996005719546809,0.061088920664148935
early,open_window,OHLC,1.5,2024Q2,49,26,2.5550148505974297,0.09826980194605499
early,open_window,OHLC,1.5,2024Q3,67,34,-0.9471554876303716,-0.027857514342069754
early,open_window,OHLC,1.5,2024Q4,55,25,0.27335544500032594,0.010934217800013038
early,open_window,OLHC,1.0,2023Q2,2,0,0.0,
early,open_window,OLHC,1.0,2023Q3,52,19,-2.1720212311762768,-0.11431690690401457
early,open_window,OLHC,1.0,2023Q4,48,26,-0.29255992448699514,-0.011252304787961352
early,open_window,OLHC,1.0,2024Q1,38,18,1.6973159820389498,0.09429533233549721
early,open_window,OLHC,1.0,2024Q2,49,26,3.289711540343272,0.1265273669362797
early,open_window,OLHC,1.0,2024Q3,67,34,-0.18301043843232345,-0.005382659953891866
early,open_window,OLHC,1.0,2024Q4,55,25,0.9063074420087409,0.036252297680349634
early,open_window,OLHC,1.5,2023Q2,2,0,0.0,
early,open_window,OLHC,1.5,2023Q3,52,18,-4.653742795826159,-0.2585412664347866
early,open_window,OLHC,1.5,2023Q4,48,25,-1.1483895016688082,-0.04593558006675233
early,open_window,OLHC,1.5,2024Q1,38,18,1.0996005719546809,0.061088920664148935
early,open_window,OLHC,1.5,2024Q2,49,26,2.5550148505974297,0.09826980194605499
early,open_window,OLHC,1.5,2024Q3,67,34,-0.9471554876303716,-0.027857514342069754
early,open_window,OLHC,1.5,2024Q4,55,25,0.27335544500032594,0.010934217800013038
extension,baseline,OHLC,1.0,2026Q2,1,1,0.2272934938495419,0.2272934938495419
extension,baseline,OHLC,1.0,2026Q3,21,11,-5.191272198001597,-0.4719338361819634
extension,baseline,OHLC,1.5,2026Q2,1,1,0.2259957332810697,0.2259957332810697
extension,baseline,OHLC,1.5,2026Q3,21,11,-5.342608519247502,-0.4856916835679547
extension,baseline,OLHC,1.0,2026Q2,1,1,0.2272934938495419,0.2272934938495419
extension,baseline,OLHC,1.0,2026Q3,21,11,-5.191272198001597,-0.4719338361819634
extension,baseline,OLHC,1.5,2026Q2,1,1,0.2259957332810697,0.2259957332810697
extension,baseline,OLHC,1.5,2026Q3,21,11,-5.342608519247502,-0.4856916835679547
extension,open_window,OHLC,1.0,2026Q2,1,1,0.2272934938495419,0.2272934938495419
extension,open_window,OHLC,1.0,2026Q3,29,16,-7.469119568327213,-0.4668199730204508
extension,open_window,OHLC,1.5,2026Q2,1,1,0.2259957332810697,0.2259957332810697
extension,open_window,OHLC,1.5,2026Q3,29,16,-7.759379574735925,-0.4849612234209953
extension,open_window,OLHC,1.0,2026Q2,1,1,0.2272934938495419,0.2272934938495419
extension,open_window,OLHC,1.0,2026Q3,29,16,-7.469119568327213,-0.4668199730204508
extension,open_window,OLHC,1.5,2026Q2,1,1,0.2259957332810697,0.2259957332810697
extension,open_window,OLHC,1.5,2026Q3,29,16,-7.759379574735925,-0.4849612234209953
late,baseline,OHLC,1.0,2025Q1,34,17,4.102125997561102,0.24130152926830012
late,baseline,OHLC,1.0,2025Q2,30,18,7.119941738597944,0.3955523188109969
late,baseline,OHLC,1.0,2025Q3,34,22,4.930078708368972,0.2240944867440442
late,baseline,OHLC,1.0,2025Q4,46,21,4.836177526740507,0.23029416794002416
late,baseline,OHLC,1.0,2026Q1,39,18,-0.5451848964973697,-0.030288049805409428
late,baseline,OHLC,1.0,2026Q2,21,9,-2.8611365727694293,-0.31790406364104773
late,baseline,OHLC,1.5,2025Q1,34,17,3.737425361377955,0.2198485506692915
late,baseline,OHLC,1.5,2025Q2,30,18,6.764209817002262,0.37578943427790346
late,baseline,OHLC,1.5,2025Q3,34,21,4.212993607943185,0.20061874323538975
late,baseline,OHLC,1.5,2025Q4,46,21,4.102422494264006,0.19535345210780983
late,baseline,OHLC,1.5,2026Q1,39,17,-0.7080669437697619,-0.04165099669233893
late,baseline,OHLC,1.5,2026Q2,21,9,-2.9477160639385716,-0.32752400710428575
late,baseline,OLHC,1.0,2025Q1,34,17,4.102125997561102,0.24130152926830012
late,baseline,OLHC,1.0,2025Q2,30,18,7.119941738597944,0.3955523188109969
late,baseline,OLHC,1.0,2025Q3,34,22,4.930078708368972,0.2240944867440442
late,baseline,OLHC,1.0,2025Q4,46,21,4.836177526740507,0.23029416794002416
late,baseline,OLHC,1.0,2026Q1,39,18,-0.5451848964973697,-0.030288049805409428
late,baseline,OLHC,1.0,2026Q2,21,9,-2.8611365727694293,-0.31790406364104773
late,baseline,OLHC,1.5,2025Q1,34,17,3.737425361377955,0.2198485506692915
late,baseline,OLHC,1.5,2025Q2,30,18,6.764209817002262,0.37578943427790346
late,baseline,OLHC,1.5,2025Q3,34,21,4.212993607943185,0.20061874323538975
late,baseline,OLHC,1.5,2025Q4,46,21,4.102422494264006,0.19535345210780983
late,baseline,OLHC,1.5,2026Q1,39,17,-0.7080669437697619,-0.04165099669233893
late,baseline,OLHC,1.5,2026Q2,21,9,-2.9477160639385716,-0.32752400710428575
late,open_window,OHLC,1.0,2025Q1,44,22,5.836125008509316,0.26527840947769615
late,open_window,OHLC,1.0,2025Q2,35,21,5.246655358115291,0.24984073133882337
late,open_window,OHLC,1.0,2025Q3,47,27,6.334344174388377,0.2346053397921621
late,open_window,OHLC,1.0,2025Q4,61,27,3.8074003647132697,0.1410148283227137
late,open_window,OHLC,1.0,2026Q1,50,26,6.202437984370066,0.23855530709115638
late,open_window,OHLC,1.0,2026Q2,34,18,-2.920030739487647,-0.16222392997153592
late,open_window,OHLC,1.5,2025Q1,44,22,5.369617428572584,0.24407351948057202
late,open_window,OHLC,1.5,2025Q2,35,21,4.779592566675274,0.2275996460321559
late,open_window,OHLC,1.5,2025Q3,47,26,5.397516806972152,0.2075968002681597
late,open_window,OHLC,1.5,2025Q4,61,27,2.9523764155047996,0.10934727464832592
late,open_window,OHLC,1.5,2026Q1,50,25,5.91336737753139,0.2365346951012556
late,open_window,OHLC,1.5,2026Q2,34,18,-3.2736760180211917,-0.1818708898900662
late,open_window,OLHC,1.0,2025Q1,44,22,5.836125008509316,0.26527840947769615
late,open_window,OLHC,1.0,2025Q2,35,21,5.246655358115291,0.24984073133882337
late,open_window,OLHC,1.0,2025Q3,47,27,6.334344174388377,0.2346053397921621
late,open_window,OLHC,1.0,2025Q4,61,27,3.8074003647132697,0.1410148283227137
late,open_window,OLHC,1.0,2026Q1,50,26,6.202437984370066,0.23855530709115638
late,open_window,OLHC,1.0,2026Q2,34,18,-2.920030739487647,-0.16222392997153592
late,open_window,OLHC,1.5,2025Q1,44,22,5.369617428572584,0.24407351948057202
late,open_window,OLHC,1.5,2025Q2,35,21,4.779592566675274,0.2275996460321559
late,open_window,OLHC,1.5,2025Q3,47,26,5.397516806972152,0.2075968002681597
late,open_window,OLHC,1.5,2025Q4,61,27,2.9523764155047996,0.10934727464832592
late,open_window,OLHC,1.5,2026Q1,50,25,5.91336737753139,0.2365346951012556
late,open_window,OLHC,1.5,2026Q2,34,18,-3.2736760180211917,-0.1818708898900662
